State,District,year,Type,Crop,Average Max Temperature,Average Min Temp,Ground water ,precipitation,cloud cover
Assam,BARPETA,1999,Whole Year,Sugarcane,28.95433,19.99333,2.41,245.992,50.9209
Assam,BARPETA,2000,Whole Year,Sugarcane,27.58808,19.20083,2.651538462,226.9251,52.845
Assam,BARPETA,2001,Whole Year,Sugarcane,28.226,19.70167,2.41,225.4203,52.58
Assam,BARPETA,2002,Whole Year,Sugarcane,28.28667,19.18883,2.268461538,220.9939,52.6
Assam,CACHAR,1999,Whole Year,Sugarcane,29.54108,20.01675,1.847272727,210.6663,51.354
Assam,CACHAR,2000,Whole Year,Sugarcane,28.16508,19.16258,1.235,250.9051,53.68
Assam,CACHAR,2001,Whole Year,Sugarcane,28.93283,19.7755,1.59195122,269.9351,53.229
Assam,CACHAR,2002,Whole Year,Sugarcane,29.00908,19.21192,1.504871795,292.3685,53.16
Assam,DARRANG,1999,Whole Year,Sugarcane,28.85508,19.37708,2.725789474,233.6089,50.962
Assam,DARRANG,2000,Whole Year,Sugarcane,27.37042,18.49908,3.149473684,229.812,53.348
Assam,DARRANG,2001,Whole Year,Sugarcane,28.054,19.04192,2.817368421,231.8738,52.82
Assam,DARRANG,2002,Whole Year,Sugarcane,28.11892,18.52983,3.137777778,235.7084,52.879
Assam,DHEMAJI,1999,Whole Year,Sugarcane,29.83958,19.37708,2.752307692,167.5203,52.82
Assam,DHEMAJI,2000,Whole Year,Sugarcane,28.388,18.49908,2.592631579,181.8812,53.503
Assam,DHEMAJI,2001,Whole Year,Sugarcane,29.05183,19.04192,2.81875,167.2466,51.899
Assam,DHEMAJI,2002,Whole Year,Sugarcane,29.09933,18.52983,2.644666667,186.4442,52.066
Assam,DHUBRI,1999,Whole Year,Sugarcane,30.8455,21.19267,2.64625,192.0604,51.037
Assam,DHUBRI,2000,Whole Year,Sugarcane,29.731,20.5895,3.015,171.1857,51.227
Assam,DHUBRI,2001,Whole Year,Sugarcane,30.26875,21.007,2.662105263,168.6328,51.39
Assam,DHUBRI,2002,Whole Year,Sugarcane,30.29533,20.50825,2.714782609,163.3268,51.457
Assam,DIBRUGARH,1999,Whole Year,Sugarcane,29.13925,19.672,2.693636364,164.8914,53.109
Assam,DIBRUGARH,2000,Whole Year,Sugarcane,27.72033,18.82808,2.633939394,182.3984,53.638
Assam,DIBRUGARH,2001,Whole Year,Sugarcane,28.40592,19.31475,2.795405405,167.5877,51.913
Assam,DIBRUGARH,2002,Whole Year,Sugarcane,28.44817,18.86325,2.830526316,188.2366,51.945
Assam,GOALPARA,1999,Whole Year,Sugarcane,29.43933,20.49858,2.357037037,233.3286,51.055
Assam,GOALPARA,2000,Whole Year,Sugarcane,28.20058,19.812,2.055185185,213.6558,52.347
Assam,GOALPARA,2001,Whole Year,Sugarcane,28.75408,20.24642,2.951515152,209.1492,52.258
Assam,GOALPARA,2002,Whole Year,Sugarcane,28.8195,19.72992,3.567407407,205.2553,52.257
Assam,GOLAGHAT,1999,Whole Year,Sugarcane,28.93092,19.55358,4.6988,159.4613,52.119
Assam,GOLAGHAT,2000,Whole Year,Sugarcane,27.54908,18.7695,3.679565217,178.7719,53.716
Assam,GOLAGHAT,2001,Whole Year,Sugarcane,28.19783,19.24442,3.905,175.955,52.992
Assam,GOLAGHAT,2002,Whole Year,Sugarcane,28.288,18.7645,3.535217391,190.262,51.8
Assam,HAILAKANDI,1999,Whole Year,Sugarcane,29.72592,20.20767,2.337333333,196.0844,51.458
Assam,HAILAKANDI,2000,Whole Year,Sugarcane,28.35258,19.32758,1.329285714,239.5863,53.58441667
Assam,HAILAKANDI,2001,Whole Year,Sugarcane,29.15142,19.98442,1.434666667,255.0477,53.14858333
Assam,HAILAKANDI,2002,Whole Year,Sugarcane,29.21383,19.40217,1.136428571,277.5493,53.31875
Assam,JORHAT,1999,Whole Year,Sugarcane,29.137,19.73592,2.486153846,153.6532,52.5975
Assam,JORHAT,2000,Whole Year,Sugarcane,27.7635,18.94575,3.038529412,174.4966,53.79966667
Assam,JORHAT,2001,Whole Year,Sugarcane,28.3935,19.40067,2.142333333,166.1368,52.8835
Assam,JORHAT,2002,Whole Year,Sugarcane,28.47567,18.95192,1.677317073,183.1783,51.83333333
Assam,KAMRUP,1999,Whole Year,Sugarcane,27.64183,18.8915,2.938148148,282.1043,51.01925
Assam,KAMRUP,2000,Whole Year,Sugarcane,26.21475,18.06975,2.499811321,281.4479,53.54383333
Assam,KAMRUP,2001,Whole Year,Sugarcane,26.84642,18.554,2.386885246,285.3148,53.06925
Assam,KAMRUP,2002,Whole Year,Sugarcane,26.91125,18.03442,2.306129032,294.3852,53.22091667
Assam,KARBI ANGLONG,1999,Whole Year,Sugarcane,27.19017,18.38892,5.053563218,218.5673,51.92875
Assam,KARBI ANGLONG,2000,Whole Year,Sugarcane,25.82992,17.63558,4.281481481,247.7023,54.02091667
Assam,KARBI ANGLONG,2001,Whole Year,Sugarcane,26.43867,18.08408,4.588023256,257.4818,53.56566667
Assam,KARBI ANGLONG,2002,Whole Year,Sugarcane,26.53325,17.582,4.217282609,285.0821,52.44033333
Assam,KARIMGANJ,1999,Whole Year,Sugarcane,30.80883,20.61683,2.520882353,175.151,51.392
Assam,KARIMGANJ,2000,Whole Year,Sugarcane,29.46158,19.75092,2.124375,216.9247,53.39633333
Assam,KARIMGANJ,2001,Whole Year,Sugarcane,30.18075,20.35667,1.723243243,228.4517,52.8905
Assam,KARIMGANJ,2002,Whole Year,Sugarcane,30.24933,19.75525,1.7824,250.6203,53.3145
Assam,KOKRAJHAR,1999,Whole Year,Sugarcane,30.09142,20.85125,14.72625,219.0218,51.26566667
Assam,KOKRAJHAR,2000,Whole Year,Sugarcane,28.8035,20.10667,15.33875,198.4891,51.75108333
Assam,KOKRAJHAR,2001,Whole Year,Sugarcane,29.45683,20.62942,15.6975,194.9145,51.78466667
Assam,KOKRAJHAR,2002,Whole Year,Sugarcane,29.47117,20.09875,15.0075,195.869,51.82708333
Assam,LAKHIMPUR,1999,Whole Year,Sugarcane,30.18808,20.55275,2.163448276,166.433,52.29466667
Assam,LAKHIMPUR,2000,Whole Year,Sugarcane,28.7115,19.67583,1.814464286,177.5284,53.36791667
Assam,LAKHIMPUR,2001,Whole Year,Sugarcane,29.38325,20.17217,2.0065,166.4742,51.99941667
Assam,LAKHIMPUR,2002,Whole Year,Sugarcane,29.44475,19.70858,1.95779661,181.862,52.06208333
Assam,NAGAON,1999,Whole Year,Sugarcane,26.14742,17.55242,3.676376812,249.7192,51.63266667
Assam,NAGAON,2000,Whole Year,Sugarcane,24.74017,16.77233,3.081733333,274.9823,53.89083333
Assam,NAGAON,2001,Whole Year,Sugarcane,25.34133,17.20533,3.178507463,279.285,53.37691667
Assam,NAGAON,2002,Whole Year,Sugarcane,25.409,16.69042,2.907439024,304.6787,52.6905
Assam,NALBARI,1999,Whole Year,Sugarcane,28.99075,19.77417,2.401428571,246.9119,50.79591667
Assam,NALBARI,2000,Whole Year,Sugarcane,27.56867,18.937,1.367,230.1999,53.201
Assam,NALBARI,2001,Whole Year,Sugarcane,28.23408,19.45125,1.932,231.1628,52.78866667
Assam,NALBARI,2002,Whole Year,Sugarcane,28.2935,18.95617,0.7733333333,227.1351,52.87966667
Assam,SIVASAGAR,1999,Whole Year,Sugarcane,28.43683,19.03267,2.416923077,159.1402,53.13533333
Assam,SIVASAGAR,2000,Whole Year,Sugarcane,27.0255,18.19575,2.095897436,175.0182,53.91908333
Assam,SIVASAGAR,2001,Whole Year,Sugarcane,27.71908,18.69992,2.1,165.7595,52.43041667
Assam,SIVASAGAR,2002,Whole Year,Sugarcane,27.78483,18.26058,2.29,182.7284,51.93058333
Assam,SONITPUR,1999,Whole Year,Sugarcane,30.29492,20.52767,2.683692308,185.9299,51.51325
Assam,SONITPUR,2000,Whole Year,Sugarcane,28.79642,19.64583,2.646557377,191.4382,53.39541667
Assam,SONITPUR,2001,Whole Year,Sugarcane,29.47883,20.17483,2.883015873,184.9598,52.45675
Assam,SONITPUR,2002,Whole Year,Sugarcane,29.53983,19.65883,2.818787879,192.8173,52.39858333
Assam,TINSUKIA,1999,Whole Year,Sugarcane,26.71483,16.893,3.208604651,158.2517,54.093
Assam,TINSUKIA,2000,Whole Year,Sugarcane,25.34508,16.06692,3.022444444,171.7745,54.43425
Assam,TINSUKIA,2001,Whole Year,Sugarcane,26.02617,16.52433,3.165769231,158.7048,52.60991667
Assam,TINSUKIA,2002,Whole Year,Sugarcane,26.09833,16.13192,3.135272727,173.6548,52.49258333
Bihar,ARARIA,1999,Whole Year,Sugarcane,31.4715,19.72683,2.653333333,103.9658,48.115
Bihar,ARARIA,2000,Whole Year,Sugarcane,30.67192,19.30283,3.107,87.06533,44.554
Bihar,ARARIA,2001,Whole Year,Sugarcane,31.25775,19.795,2.665,88.87633,45.48325
Bihar,ARARIA,2002,Whole Year,Sugarcane,31.23358,19.32642,2.37375,99.60783,44.95683333
Bihar,AURANGABAD,1999,Whole Year,Sugarcane,32.3565,19.55192,3.36875,67.0455,41.98625
Bihar,AURANGABAD,2000,Whole Year,Sugarcane,32.195,19.40525,3.39,51.50225,35.43433333
Bihar,AURANGABAD,2001,Whole Year,Sugarcane,32.26842,19.48358,3.40175,57.32075,38.68991667
Bihar,AURANGABAD,2002,Whole Year,Sugarcane,32.715,19.587,3.230810811,66.66058,36.539
Bihar,BANKA,1999,Whole Year,Sugarcane,31.2505,19.64275,3.292727273,90.46708,45.19216667
Bihar,BANKA,2000,Whole Year,Sugarcane,30.83742,19.51225,3.746818182,71.45,41.2665
Bihar,BANKA,2001,Whole Year,Sugarcane,31.13358,19.70758,3.646071429,74.01233,42.72108333
Bihar,BANKA,2002,Whole Year,Sugarcane,31.33617,19.42208,3.146666667,78.8435,41.79741667
Bihar,BEGUSARAI,1999,Whole Year,Sugarcane,31.7545,20.38108,3.333235294,76.15742,43.57341667
Bihar,BEGUSARAI,2000,Whole Year,Sugarcane,31.39642,20.25417,3.792857143,62.48183,38.121
Bihar,BEGUSARAI,2001,Whole Year,Sugarcane,31.70317,20.48117,3.887878788,64.036,40.06683333
Bihar,BEGUSARAI,2002,Whole Year,Sugarcane,31.82975,20.19958,3.968235294,74.90783,38.675
Bihar,BHAGALPUR,1999,Whole Year,Sugarcane,31.58717,19.798,3.599761905,85.18392,45.81608333
Bihar,BHAGALPUR,2000,Whole Year,Sugarcane,31.05692,19.54267,3.537045455,70.07558,42.04333333
Bihar,BHAGALPUR,2001,Whole Year,Sugarcane,31.41933,19.84825,3.614375,72.85242,43.32933333
Bihar,BHAGALPUR,2002,Whole Year,Sugarcane,31.58483,19.52008,3.580666667,74.46308,42.5895
Bihar,BHOJPUR,1999,Whole Year,Sugarcane,32.71042,20.1535,3.883333333,65.9155,42.56725
Bihar,BHOJPUR,2000,Whole Year,Sugarcane,32.533,20.03642,3.994047619,50.32767,35.57191667
Bihar,BHOJPUR,2001,Whole Year,Sugarcane,32.66233,20.14342,3.857906977,56.99475,38.45108333
Bihar,BHOJPUR,2002,Whole Year,Sugarcane,32.91942,20.09667,3.962045455,66.05525,36.93133333
Bihar,BUXAR,1999,Whole Year,Sugarcane,32.62192,19.89575,3.767058824,62.88817,42.56658333
Bihar,BUXAR,2000,Whole Year,Sugarcane,32.466,19.74892,4.218,48.8855,35.35933333
Bihar,BUXAR,2001,Whole Year,Sugarcane,32.58192,19.86933,3.721578947,56.47267,38.50891667
Bihar,BUXAR,2002,Whole Year,Sugarcane,32.85517,19.86733,4.389411765,64.56792,37.05908333
Bihar,DARBHANGA,1999,Whole Year,Sugarcane,31.90942,20.58567,2.61452381,79.932,44.23575
Bihar,DARBHANGA,2000,Whole Year,Sugarcane,31.536,20.43442,2.444,63.56,38.23958333
Bihar,DARBHANGA,2001,Whole Year,Sugarcane,31.878,20.71633,2.24,68.64308,40.06991667
Bihar,DARBHANGA,2002,Whole Year,Sugarcane,31.84858,20.33233,2.869512195,80.91908,38.86583333
Bihar,GAYA,1999,Whole Year,Sugarcane,31.81217,19.43867,3.833571429,71.99183,42.26241667
Bihar,GAYA,2000,Whole Year,Sugarcane,31.59417,19.27367,4.587142857,55.82717,36.11891667
Bihar,GAYA,2001,Whole Year,Sugarcane,31.6955,19.36075,5.121621622,59.82717,38.88158333
Bihar,GAYA,2002,Whole Year,Sugarcane,32.12267,19.41908,3.913333333,69.40025,36.79041667
Bihar,GOPALGANJ,1999,Whole Year,Sugarcane,32.79383,20.31233,2.508039216,68.6865,44.50191667
Bihar,GOPALGANJ,2000,Whole Year,Sugarcane,32.53783,20.12575,2.291052632,54.49592,37.12508333
Bihar,GOPALGANJ,2001,Whole Year,Sugarcane,32.73758,20.33042,2.126111111,62.98775,39.88791667
Bihar,GOPALGANJ,2002,Whole Year,Sugarcane,32.74608,20.07367,1.977260274,69.53817,38.78341667
Bihar,JAMUI,1999,Whole Year,Sugarcane,30.86675,19.52333,5.587619048,84.78683,44.24083333
Bihar,JAMUI,2000,Whole Year,Sugarcane,30.49975,19.36733,6.175833333,66.94225,39.31583333
Bihar,JAMUI,2001,Whole Year,Sugarcane,30.75617,19.52908,7.022962963,68.93958,41.33883333
Bihar,JAMUI,2002,Whole Year,Sugarcane,31.01033,19.33175,6.883846154,75.84525,39.766
Bihar,JEHANABAD,1999,Whole Year,Sugarcane,32.68817,20.274,2.709473684,68.49842,42.14575
Bihar,JEHANABAD,2000,Whole Year,Sugarcane,32.45233,20.1535,3.599166667,53.18808,35.59408333
Bihar,JEHANABAD,2001,Whole Year,Sugarcane,32.59242,20.24117,3.361428571,57.45842,38.29475
Bihar,JEHANABAD,2002,Whole Year,Sugarcane,32.903,20.22475,3.557368421,68.08783,36.58025
Bihar,KAIMUR (BHABUA),1999,Whole Year,Sugarcane,32.11558,19.34,4.351666667,69.35217,41.96358333
Bihar,KAIMUR (BHABUA),2000,Whole Year,Sugarcane,31.98658,19.16642,5.146785714,53.85417,34.774
Bihar,KAIMUR (BHABUA),2001,Whole Year,Sugarcane,31.96775,19.17042,4.477916667,58.74617,38.37
Bihar,KAIMUR (BHABUA),2002,Whole Year,Sugarcane,32.42575,19.368,4.765652174,64.80708,36.74141667
Bihar,KATIHAR,1999,Whole Year,Sugarcane,31.641,19.60375,4.06,98.7355,47.32116667
Bihar,KATIHAR,2000,Whole Year,Sugarcane,30.82075,19.13842,3.080588235,81.80567,44.4075
Bihar,KATIHAR,2001,Whole Year,Sugarcane,31.41083,19.62792,3.1286,85.30033,45.25716667
Bihar,KATIHAR,2002,Whole Year,Sugarcane,31.50008,19.22017,3.473090909,86.0515,44.86641667
Bihar,KHAGARIA,1999,Whole Year,Sugarcane,31.69017,20.18342,4.702857143,79.49025,44.80716667
Bihar,KHAGARIA,2000,Whole Year,Sugarcane,31.25583,20.00542,4.254285714,65.73017,40.04691667
Bihar,KHAGARIA,2001,Whole Year,Sugarcane,31.6075,20.297,4.454814815,67.14683,41.6605
Bihar,KHAGARIA,2002,Whole Year,Sugarcane,31.69658,19.94167,4.91,76.09108,40.66833333
Bihar,KISHANGANJ,1999,Whole Year,Sugarcane,31.27575,19.65233,3.833809524,127.2596,49.18158333
Bihar,KISHANGANJ,2000,Whole Year,Sugarcane,30.42467,19.205,2.997894737,107.5664,46.39616667
Bihar,KISHANGANJ,2001,Whole Year,Sugarcane,30.99417,19.67417,2.029285714,108.9615,47.04658333
Bihar,MADHEPURA,1999,Whole Year,Sugarcane,30.96792,20.04925,2.461875,84.09258,46.09008333
Bihar,MADHEPURA,2000,Whole Year,Sugarcane,31.65192,19.77,2.418,69.705,41.703
Bihar,MADHEPURA,2001,Whole Year,Sugarcane,31.07525,20.15567,2.761111111,71.279,43.08908333
Bihar,MADHEPURA,2002,Whole Year,Sugarcane,31.53133,19.73867,2.545,81.11575,42.28691667
Bihar,MADHUBANI,1999,Whole Year,Sugarcane,31.78892,20.37817,2.587735849,85.66317,45.99375
Bihar,MADHUBANI,2000,Whole Year,Sugarcane,31.3385,20.17458,2.106792453,68.25225,40.18858333
Bihar,MADHUBANI,2001,Whole Year,Sugarcane,31.73275,20.50967,2.150243902,73.57008,41.85741667
Bihar,MADHUBANI,2002,Whole Year,Sugarcane,31.647,20.0625,3.122708333,85.59567,40.80983333
Bihar,MUZAFFARPUR,1999,Whole Year,Sugarcane,32.25792,20.54258,2.636,75.97075,43.49458333
Bihar,MUZAFFARPUR,2000,Whole Year,Sugarcane,31.94925,20.39617,2.441428571,58.17417,36.69466667
Bihar,MUZAFFARPUR,2001,Whole Year,Sugarcane,32.209,20.62567,2.666133333,65.69675,38.8965
Bihar,MUZAFFARPUR,2002,Whole Year,Sugarcane,32.2305,20.31867,3.111827957,76.43,37.53891667
Bihar,NALANDA,1999,Whole Year,Sugarcane,32.41142,20.46917,2.377179487,71.73267,42.3825
Bihar,NALANDA,2000,Whole Year,Sugarcane,32.08775,20.33008,2.555357143,57.97117,36.19458333
Bihar,NALANDA,2001,Whole Year,Sugarcane,32.32242,20.48067,3.117222222,59.72375,38.575
Bihar,NALANDA,2002,Whole Year,Sugarcane,32.57775,20.37642,2.56125,71.5095,36.82833333
Bihar,NAWADA,1999,Whole Year,Sugarcane,31.25725,19.56508,2.949285714,76.55892,42.75466667
Bihar,NAWADA,2000,Whole Year,Sugarcane,30.95725,19.4295,3.163488372,60.90783,37.0085
Bihar,NAWADA,2001,Whole Year,Sugarcane,31.12758,19.52992,3.4825,63.24967,39.35266667
Bihar,NAWADA,2002,Whole Year,Sugarcane,31.47667,19.47408,3.436304348,71.274,37.42783333
Bihar,PASHCHIM CHAMPARAN,1999,Whole Year,Sugarcane,32.66317,19.56508,3.171111111,86.3135,46.60358333
Bihar,PASHCHIM CHAMPARAN,2000,Whole Year,Sugarcane,32.26642,19.4295,2.791132075,72.06217,39.75975
Bihar,PASHCHIM CHAMPARAN,2001,Whole Year,Sugarcane,32.51467,19.52992,2.397826087,83.40108,41.8755
Bihar,PASHCHIM CHAMPARAN,2002,Whole Year,Sugarcane,32.39625,19.47408,2.106086957,87.03675,41.19816667
Bihar,PATNA,1999,Whole Year,Sugarcane,32.51775,20.44633,3.652291667,70.53492,42.41425
Bihar,PATNA,2000,Whole Year,Sugarcane,32.25225,20.32483,4.0975,55.56583,35.94758333
Bihar,PATNA,2001,Whole Year,Sugarcane,32.4475,20.46517,4.311857143,59.35325,38.43466667
Bihar,PATNA,2002,Whole Year,Sugarcane,32.68267,20.34933,4.084262295,70.222,36.793
Bihar,PURBI CHAMPARAN,1999,Whole Year,Sugarcane,32.46175,20.33917,2.641,80.0875,45.65233333
Bihar,PURBI CHAMPARAN,2000,Whole Year,Sugarcane,32.14817,20.15317,2.9290625,61.99,38.27841667
Bihar,PURBI CHAMPARAN,2001,Whole Year,Sugarcane,32.40567,20.38875,2.43,70.79992,40.62866667
Bihar,PURBI CHAMPARAN,2002,Whole Year,Sugarcane,32.33267,20.02983,2.306666667,79.16583,39.53325
Bihar,PURNIA,1999,Whole Year,Sugarcane,31.673,19.72058,2.92,95.27617,47.31925
Bihar,PURNIA,2000,Whole Year,Sugarcane,30.89208,19.296,2.977857143,79.599,44.03691667
Bihar,PURNIA,2001,Whole Year,Sugarcane,31.46758,19.75575,2.263157895,81.90917,44.99291667
Bihar,PURNIA,2002,Whole Year,Sugarcane,31.53683,19.36267,3.102857143,86.1315,44.5065
Bihar,ROHTAS,1999,Whole Year,Sugarcane,32.27233,19.47742,3.796,67.62483,42.112
Bihar,ROHTAS,2000,Whole Year,Sugarcane,32.13475,19.328,4.5925,52.07242,35.17275
Bihar,ROHTAS,2001,Whole Year,Sugarcane,32.15208,19.36067,4.224782609,57.85008,38.53341667
Bihar,ROHTAS,2002,Whole Year,Sugarcane,32.58883,19.50867,4.53893617,65.21342,36.759
Bihar,SAHARSA,1999,Whole Year,Sugarcane,31.74117,20.25025,2.318,80.29133,45.17425
Bihar,SAHARSA,2000,Whole Year,Sugarcane,31.24458,20.03283,2.2925,66.43942,40.3725
Bihar,SAHARSA,2001,Whole Year,Sugarcane,31.65433,20.37783,2.267037037,67.77883,41.94033333
Bihar,SAHARSA,2002,Whole Year,Sugarcane,31.69867,19.9755,2.399428571,79.03958,41.00066667
Bihar,SAMASTIPUR,1999,Whole Year,Sugarcane,32.15917,20.8625,3.639677419,75.42633,42.54133333
Bihar,SAMASTIPUR,2000,Whole Year,Sugarcane,31.83167,20.73467,3.741724138,60.94433,36.56458333
Bihar,SAMASTIPUR,2001,Whole Year,Sugarcane,32.13067,20.973,3.112727273,63.8095,38.59516667
Bihar,SAMASTIPUR,2002,Whole Year,Sugarcane,32.20808,20.66792,3.509428571,77.19692,37.14733333
Bihar,SARAN,1999,Whole Year,Sugarcane,32.70142,20.4735,4.468510638,68.552,43.10108333
Bihar,SARAN,2000,Whole Year,Sugarcane,32.48833,20.34283,4.158245614,52.04183,35.97366667
Bihar,SARAN,2001,Whole Year,Sugarcane,32.68158,20.51892,3.832941176,59.12125,38.66033333
Bihar,SARAN,2002,Whole Year,Sugarcane,32.80042,20.31992,4.026896552,68.23908,37.22391667
Bihar,SHEIKHPURA,1999,Whole Year,Sugarcane,32.10958,20.46583,2.53,73.75025,42.71141667
Bihar,SHEIKHPURA,2000,Whole Year,Sugarcane,31.76083,20.357,4.98,60.44017,36.78133333
Bihar,SHEIKHPURA,2001,Whole Year,Sugarcane,32.02458,20.521,4.54,61.46425,38.95958333
Bihar,SHEIKHPURA,2002,Whole Year,Sugarcane,32.26183,20.3575,4.946666667,73.06383,37.26133333
Bihar,SHEOHAR,1999,Whole Year,Sugarcane,32.28942,20.43617,2.64,80.11017,44.79625
Bihar,SHEOHAR,2000,Whole Year,Sugarcane,31.96967,20.27708,2.396666667,61.02133,37.66116667
Bihar,SHEOHAR,2001,Whole Year,Sugarcane,32.23525,20.51742,3.08,69.02517,39.81191667
Bihar,SHEOHAR,2002,Whole Year,Sugarcane,32.19758,20.16742,2.526666667,79.66642,38.61891667
Bihar,SITAMARHI,1999,Whole Year,Sugarcane,32.04008,20.37867,2.95047619,86.36525,45.94875
Bihar,SITAMARHI,2000,Whole Year,Sugarcane,31.68242,20.21233,2.540909091,67.117,39.07766667
Bihar,SITAMARHI,2001,Whole Year,Sugarcane,32.01608,20.48208,2.293461538,74.42617,40.96766667
Bihar,SITAMARHI,2002,Whole Year,Sugarcane,31.888,20.05342,2.971875,85.335,39.84916667
Bihar,SIWAN,1999,Whole Year,Sugarcane,32.87058,20.36967,3.113947368,66.08275,43.98266667
Bihar,SIWAN,2000,Whole Year,Sugarcane,32.6435,20.21483,2.863148148,51.57308,36.48733333
Bihar,SIWAN,2001,Whole Year,Sugarcane,32.81167,20.39267,4.412641509,59.77158,39.37991667
Bihar,SIWAN,2002,Whole Year,Sugarcane,32.87167,20.18408,2.506326531,66.85067,38.192
Bihar,SUPAUL,1999,Whole Year,Sugarcane,31.6215,19.19902,2.248205128,90.70825,47.14175
Bihar,VAISHALI,1999,Whole Year,Sugarcane,32.47708,20.73717,3.83,72.56375,42.07383333
Bihar,VAISHALI,2000,Whole Year,Sugarcane,32.23867,20.61342,3.331282051,56.72058,35.50866667
Bihar,VAISHALI,2001,Whole Year,Sugarcane,32.4385,20.81033,3.742777778,61.89525,37.83408333
Bihar,VAISHALI,2002,Whole Year,Sugarcane,32.5785,20.58058,4.352903226,73.06925,36.27633333
Chhattisgarh,BASTAR,2000,Whole Year,Sugarcane,32.57717,20.9565,5.007580645,101.4949,37.34558333
Chhattisgarh,BASTAR,2001,Whole Year,Sugarcane,32.56233,21.04575,5.070677966,110.3637,41.16683333
Chhattisgarh,BASTAR,2002,Whole Year,Sugarcane,32.91033,21.17842,5.765217391,84.14867,38.43958333
Chhattisgarh,BILASPUR,2000,Whole Year,Sugarcane,31.68183,18.367,5.769897959,50.67767,33.0355
Chhattisgarh,BILASPUR,2001,Whole Year,Sugarcane,31.71842,18.49467,5.321666667,46.98575,31.75033333
Chhattisgarh,BILASPUR,2002,Whole Year,Sugarcane,31.88042,18.433,6.6551,51.67792,34.04558333
Chhattisgarh,DHAMTARI,2000,Whole Year,Sugarcane,31.80533,19.87933,3.928363636,88.19808,37.75558333
Chhattisgarh,DHAMTARI,2002,Whole Year,Sugarcane,31.81625,20.16325,4.570555556,87.83333,38.27491667
Chhattisgarh,DURG,2000,Whole Year,Sugarcane,32.27633,20.46875,4.635434783,80.87308,36.86116667
Chhattisgarh,DURG,2001,Whole Year,Sugarcane,31.71842,20.64275,5.001325301,99.99175,40.64258333
Chhattisgarh,DURG,2002,Whole Year,Sugarcane,31.88042,20.90842,4.904588235,86.30575,37.88508333
Chhattisgarh,JANJGIR-CHAMPA,2000,Whole Year,Sugarcane,32.595,21.02692,4.012363636,83.34925,36.86908333
Chhattisgarh,JANJGIR-CHAMPA,2001,Whole Year,Sugarcane,32.6005,21.06858,4.400231214,95.38092,41.05891667
Chhattisgarh,JANJGIR-CHAMPA,2002,Whole Year,Sugarcane,33.14383,21.27017,4.453796791,86.81867,37.887
Chhattisgarh,JASHPUR,2000,Whole Year,Sugarcane,31.54717,19.7685,4.7675,83.233,36.79816667
Chhattisgarh,JASHPUR,2001,Whole Year,Sugarcane,31.53767,19.79217,4.452658228,92.87267,41.07966667
Chhattisgarh,JASHPUR,2002,Whole Year,Sugarcane,32.08125,19.94042,4.751590909,89.62175,37.81083333
Chhattisgarh,KORBA,2001,Whole Year,Sugarcane,32.36067,20.61142,4.844358974,90.02525,40.37025
Chhattisgarh,KORBA,2002,Whole Year,Sugarcane,32.447,20.76058,5.525511811,86.785,37.89383333
Chhattisgarh,KOREA,2000,Whole Year,Sugarcane,30.66217,21.03942,5.242413793,66.56108,36.06741667
Chhattisgarh,KOREA,2001,Whole Year,Sugarcane,31.21908,20.3452,4.843787879,74.54533,40.37025
Chhattisgarh,MAHASAMUND,2000,Whole Year,Sugarcane,32.25283,20.67875,5.7712,86.982,37.72383333
Chhattisgarh,MAHASAMUND,2001,Whole Year,Sugarcane,32.22392,20.68292,5.239452055,98.98758,41.49075
Chhattisgarh,MAHASAMUND,2002,Whole Year,Sugarcane,32.72125,20.86558,6.387567568,86.03833,37.8635
Chhattisgarh,RAIGARH,2000,Whole Year,Sugarcane,32.42875,20.87242,5.821923077,86.20925,36.95558333
Chhattisgarh,RAIGARH,2001,Whole Year,Sugarcane,32.39325,20.85708,5.347333333,96.94025,41.3625
Chhattisgarh,RAIGARH,2002,Whole Year,Sugarcane,32.94775,21.04667,5.758674699,87.99167,37.88275
Chhattisgarh,RAIPUR,2000,Whole Year,Sugarcane,32.31558,20.56792,4.683660131,86.634,37.44416667
Chhattisgarh,RAIPUR,2001,Whole Year,Sugarcane,32.3305,20.64008,4.858852459,101.4233,41.23025
Chhattisgarh,RAIPUR,2002,Whole Year,Sugarcane,32.83008,20.83883,4.885675676,87.63208,38.00941667
Chhattisgarh,RAJNANDGAON,2000,Whole Year,Sugarcane,33.15642,20.77708,4.834157303,84.97958,36.78175
Chhattisgarh,RAJNANDGAON,2001,Whole Year,Sugarcane,33.31033,21.02275,4.912409639,106.2091,40.51533333
Chhattisgarh,RAJNANDGAON,2002,Whole Year,Sugarcane,33.76033,21.29067,5.40423913,90.18042,38.05
Chhattisgarh,SURGUJA,2000,Whole Year,Sugarcane,30.93892,19.07908,5.266,72.171,35.84266667
Chhattisgarh,SURGUJA,2001,Whole Year,Sugarcane,30.9845,19.1715,4.810847458,80.486,40.33791667
Chhattisgarh,SURGUJA,2002,Whole Year,Sugarcane,31.53692,19.40083,5.242493947,82.6155,37.75958333
Gujarat,AHMADABAD,1999,Whole Year,Sugarcane,33.58892,20.38325,12.54080537,40.56317,30.27208333
Gujarat,AHMADABAD,2000,Whole Year,Sugarcane,33.839,20.63117,13.28494845,41.16825,27.8775
Gujarat,AHMADABAD,2001,Whole Year,Sugarcane,33.60867,20.40283,14.27304762,46.20892,31.25841667
Gujarat,AHMADABAD,2002,Whole Year,Sugarcane,34.08958,20.88442,16.44171717,28.06975,32.61216667
Gujarat,AMRELI,1999,Whole Year,Sugarcane,26.057,17.3355,13.67084906,47.04742,26.99566667
Gujarat,AMRELI,2000,Whole Year,Sugarcane,26.05417,17.32908,16.29706806,47.33033,25.63558333
Gujarat,AMRELI,2002,Whole Year,Sugarcane,26.39392,17.66717,16.74006579,36.97925,28.31733333
Gujarat,BANAS KANTHA,1999,Whole Year,Sugarcane,34.43717,19.87575,19.40841629,30.5855,25.79516667
Gujarat,BANAS KANTHA,2000,Whole Year,Sugarcane,34.74767,20.18942,21.56,33.95675,23.74408333
Gujarat,BHARUCH,1999,Whole Year,Sugarcane,32.48783,20.43608,6.886511628,75.60408,31.95558333
Gujarat,BHARUCH,2000,Whole Year,Sugarcane,32.7975,20.74775,7.100265487,72.81833,28.828
Gujarat,BHARUCH,2001,Whole Year,Sugarcane,32.544,20.48917,7.028888889,77.72867,32.02416667
Gujarat,BHARUCH,2002,Whole Year,Sugarcane,32.99867,20.94908,,54.972,32.85525
Gujarat,BHAVNAGAR,1999,Whole Year,Sugarcane,32.03575,20.819,,57.39525,32.49308333
Gujarat,BHAVNAGAR,2000,Whole Year,Sugarcane,32.14325,20.92517,,57.10108,30.57966667
Gujarat,BHAVNAGAR,2001,Whole Year,Sugarcane,32.09275,20.87875,,69.60533,33.35466667
Gujarat,BHAVNAGAR,2002,Whole Year,Sugarcane,32.51758,21.29367,,45.93217,34.35933333
Gujarat,KACHCHH,1999,Whole Year,Sugarcane,27.64083,17.10733,,19.34042,22.51491667
Gujarat,KACHCHH,2001,Whole Year,Sugarcane,27.65417,17.12117,,35.68817,23.00391667
Gujarat,KACHCHH,2002,Whole Year,Sugarcane,27.79175,17.26075,,11.81292,23.84525
Gujarat,KHEDA,1999,Whole Year,Sugarcane,34.44417,17.10733,,50.30442,30.64183333
Gujarat,KHEDA,2000,Whole Year,Sugarcane,34.13033,17.23108,,52.218,27.644
Gujarat,KHEDA,2001,Whole Year,Sugarcane,34.62,17.12117,,52.44458,31.33891667
Gujarat,RAJKOT,1999,Whole Year,Sugarcane,32.2455,20.93292,,48.28558,30.68325
Gujarat,RAJKOT,2000,Whole Year,Sugarcane,32.2925,20.98125,,55.46933,29.02066667
Gujarat,RAJKOT,2001,Whole Year,Sugarcane,32.2235,20.90742,,70.37267,31.31925
Gujarat,RAJKOT,2002,Whole Year,Sugarcane,32.50142,21.19267,,30.15767,32.398
Gujarat,SABAR KANTHA,1999,Whole Year,Sugarcane,34.16492,20.37233,,52.36483,28.90633333
Gujarat,SABAR KANTHA,2000,Whole Year,Sugarcane,34.4655,20.68,,54.8955,26.38141667
Gujarat,SABAR KANTHA,2001,Whole Year,Sugarcane,34.09825,20.30833,,58.59467,29.97675
Gujarat,SABAR KANTHA,2002,Whole Year,Sugarcane,34.67517,20.88683,,33.64392,31.45325
Gujarat,SURAT,1999,Whole Year,Sugarcane,25.6695,16.20108,,83.40483,26.78525
Gujarat,SURAT,2000,Whole Year,Sugarcane,25.86908,16.40025,,77.9095,24.11241667
Gujarat,SURAT,2001,Whole Year,Sugarcane,25.70825,16.23283,,81.12558,26.40241667
Gujarat,SURAT,2002,Whole Year,Sugarcane,26.02508,16.55383,,63.18392,26.7525
Gujarat,SURENDRANAGAR,1999,Whole Year,Sugarcane,33.2885,20.10033,,42.59925,29.81091667
Gujarat,SURENDRANAGAR,2000,Whole Year,Sugarcane,33.47325,20.28092,,44.76125,27.752
Gujarat,SURENDRANAGAR,2001,Whole Year,Sugarcane,33.2765,20.088,,54.20858,30.69741667
Gujarat,SURENDRANAGAR,2002,Whole Year,Sugarcane,33.66983,20.48825,,27.25958,32.034
Gujarat,VADODARA,1999,Whole Year,Sugarcane,33.93208,20.85208,,69.16708,32.40758333
Gujarat,VADODARA,2000,Whole Year,Sugarcane,34.20717,21.13675,,63.66008,29.15241667
Gujarat,VADODARA,2001,Whole Year,Sugarcane,33.9075,20.83667,,66.409,32.63533333
Gujarat,VADODARA,2002,Whole Year,Sugarcane,34.35475,21.28075,,50.95217,33.37775
Haryana,AMBALA,1999,Whole Year,Sugarcane,32.38508,19.18316667,,33.01117,30.18316667
Haryana,AMBALA,2000,Whole Year,Sugarcane,31.76225,18.5315,,49.47808,32.68716667
Haryana,AMBALA,2001,Whole Year,Sugarcane,31.84858,18.646,,39.09317,31.78608333
Haryana,AMBALA,2002,Whole Year,Sugarcane,32.03925,18.71691667,,39.72933,33.87025
Haryana,BHIWANI,1999,Whole Year,Sugarcane,32.41467,19.01008333,,22.43025,26.68158333
Haryana,BHIWANI,2000,Whole Year,Sugarcane,32.18583,18.74191667,,36.17125,28.86291667
Haryana,BHIWANI,2001,Whole Year,Sugarcane,32.11033,18.68433333,,34.7685,29.10033333
Haryana,BHIWANI,2002,Whole Year,Sugarcane,32.53508,19.05525,,17.47058,30.189
Haryana,FARIDABAD,1999,Whole Year,Sugarcane,32.27533,19.2635,,36.9725,30.62258333
Haryana,FARIDABAD,2000,Whole Year,Sugarcane,32.00633,18.94691667,,49.76667,33.06316667
Haryana,FARIDABAD,2001,Whole Year,Sugarcane,31.99967,18.95341667,,51.481,33.05458333
Haryana,FARIDABAD,2002,Whole Year,Sugarcane,32.50475,19.39333333,,29.38242,34.60291667
Haryana,FATEHABAD,1999,Whole Year,Sugarcane,32.81033,19.16216667,,19.69883,24.64633333
Haryana,FATEHABAD,2000,Whole Year,Sugarcane,32.55792,18.87775,,30.11525,27.17566667
Haryana,FATEHABAD,2001,Whole Year,Sugarcane,32.52817,18.86608333,,29.26283,26.91591667
Haryana,FATEHABAD,2002,Whole Year,Sugarcane,32.88175,19.15,,17.561,27.85191667
Haryana,GURGAON,1999,Whole Year,Sugarcane,32.07175,19.16216667,,35.38967,30.06691667
Haryana,GURGAON,2000,Whole Year,Sugarcane,31.837,18.87775,,47.97008,32.4225
Haryana,GURGAON,2001,Whole Year,Sugarcane,31.78767,18.86608333,,49.86983,32.54141667
Haryana,GURGAON,2002,Whole Year,Sugarcane,32.306,19.15,,26.64292,34.01358333
Haryana,HISAR,1999,Whole Year,Sugarcane,32.66025,19.12441667,,20.84592,25.6485
Haryana,HISAR,2000,Whole Year,Sugarcane,32.41625,18.85583333,,33.01525,28.05883333
Haryana,HISAR,2001,Whole Year,Sugarcane,32.37892,18.83158333,,31.76417,27.97641667
Haryana,HISAR,2002,Whole Year,Sugarcane,32.74758,19.1405,,17.76133,28.99525
Haryana,JHAJJAR,1999,Whole Year,Sugarcane,32.08708,19.01091667,,25.05217,28.85675
Haryana,JHAJJAR,2000,Whole Year,Sugarcane,31.82533,18.72291667,,44.01425,31.32658333
Haryana,JHAJJAR,2001,Whole Year,Sugarcane,31.7925,18.70791667,,41.62825,31.23591667
Haryana,JHAJJAR,2002,Whole Year,Sugarcane,32.21292,19.06125,,23.22517,32.62233333
Haryana,JIND,1999,Whole Year,Sugarcane,32.33933,19.04008333,,23.15683,26.9115
Haryana,JIND,2000,Whole Year,Sugarcane,32.025,18.698,,38.79108,29.66825
Haryana,JIND,2001,Whole Year,Sugarcane,32.038,18.73375,,36.77375,29.18741667
Haryana,JIND,2002,Whole Year,Sugarcane,32.39833,19.01366667,,22.7115,30.40633333
Haryana,KAITHAL,1999,Whole Year,Sugarcane,32.41283,19.13716667,,24.88708,27.2675
Haryana,KAITHAL,2000,Whole Year,Sugarcane,32.0205,18.71866667,,40.62792,30.08366667
Haryana,KAITHAL,2001,Whole Year,Sugarcane,32.06742,18.79175,,37.17658,29.37775
Haryana,KAITHAL,2002,Whole Year,Sugarcane,32.37217,18.99633333,,26.34675,30.7455
Haryana,KARNAL,1999,Whole Year,Sugarcane,32.24792,19.17758333,,28.97933,29.44825
Haryana,KARNAL,2000,Whole Year,Sugarcane,31.77642,18.67533333,,47.61183,32.10266667
Haryana,KARNAL,2001,Whole Year,Sugarcane,31.84525,18.75941667,,40.58617,31.41091667
Haryana,KARNAL,2002,Whole Year,Sugarcane,32.10342,18.92675,,32.16167,33.17108333
Haryana,KURUKSHETRA,1999,Whole Year,Sugarcane,32.35342,19.17633333,,30.02692,29.37766667
Haryana,KURUKSHETRA,2000,Whole Year,Sugarcane,31.80967,18.60166667,,46.86992,31.98591667
Haryana,KURUKSHETRA,2001,Whole Year,Sugarcane,31.886,18.70325,,38.55183,31.15691667
Haryana,KURUKSHETRA,2002,Whole Year,Sugarcane,32.10917,18.82041667,,34.84917,33.03075
Haryana,MAHENDRAGARH,1999,Whole Year,Sugarcane,31.8985,18.655,,27.2075,27.83766667
Haryana,MAHENDRAGARH,2000,Whole Year,Sugarcane,31.7045,18.41008333,,42.44833,29.883
Haryana,MAHENDRAGARH,2001,Whole Year,Sugarcane,31.58242,18.29416667,,43.32558,30.37216667
Haryana,PANCHKULA,1999,Whole Year,Sugarcane,32.62533,19.28891667,,37.49142,30.41366667
Haryana,PANCHKULA,2000,Whole Year,Sugarcane,32,18.64858333,,50.72475,32.92516667
Haryana,PANCHKULA,2001,Whole Year,Sugarcane,32.08883,18.75741667,,41.39892,31.8725
Haryana,PANCHKULA,2002,Whole Year,Sugarcane,32.23833,18.75725,,45.62942,34.04675
Haryana,PANIPAT,1999,Whole Year,Sugarcane,32.161,19.10766667,,27.13742,29.04791667
Haryana,PANIPAT,2000,Whole Year,Sugarcane,31.7835,18.70933333,,46.44642,31.82483333
Haryana,PANIPAT,2001,Whole Year,Sugarcane,31.82858,18.76925,,42.20417,31.24533333
Haryana,PANIPAT,2002,Whole Year,Sugarcane,32.14567,19.00716667,,28.52767,32.79791667
Haryana,REWARI,1999,Whole Year,Sugarcane,31.86592,19.03075,,27.09258,28.67725
Haryana,REWARI,2000,Whole Year,Sugarcane,31.64383,18.73292,,44.39383,30.92458333
Haryana,REWARI,2001,Whole Year,Sugarcane,31.558,18.71858,,44.31225,31.18508333
Haryana,REWARI,2002,Whole Year,Sugarcane,32.06417,19.06175,,21.48017,32.50666667
Haryana,ROHTAK,1999,Whole Year,Sugarcane,32.19825,19.03075,,23.91525,28.04808333
Haryana,ROHTAK,2000,Whole Year,Sugarcane,31.929,18.73292,,41.32083,30.52233333
Haryana,ROHTAK,2001,Whole Year,Sugarcane,31.9005,18.71858,,38.87608,30.417
Haryana,ROHTAK,2002,Whole Year,Sugarcane,32.308,19.06175,,21.838,31.70975
Haryana,SIRSA,1999,Whole Year,Sugarcane,33.193,19.19258,,17.40417,23.45225
Haryana,SIRSA,2000,Whole Year,Sugarcane,33.00675,18.97942,,24.466,25.49216667
Haryana,SIRSA,2001,Whole Year,Sugarcane,32.90425,18.90142,,24.1665,25.55283333
Haryana,SIRSA,2002,Whole Year,Sugarcane,33.26633,19.19283,,13.85825,26.31166667
Haryana,SONIPAT,1999,Whole Year,Sugarcane,32.07167,19.04958,,26.64667,29.19916667
Haryana,SONIPAT,2000,Whole Year,Sugarcane,31.74508,18.7015,,46.80417,31.9355
Haryana,SONIPAT,2001,Whole Year,Sugarcane,31.76575,18.73575,,43.59342,31.49391667
Haryana,SONIPAT,2002,Whole Year,Sugarcane,32.12425,19.01808,,27.18625,32.98008333
Haryana,YAMUNANAGAR,1999,Whole Year,Sugarcane,32.38308,19.20808,,35.20658,31.27
Haryana,YAMUNANAGAR,2000,Whole Year,Sugarcane,31.67725,18.49108,,53.38083,33.61783333
Haryana,YAMUNANAGAR,2001,Whole Year,Sugarcane,31.777,18.60942,,39.88325,32.76366667
Haryana,YAMUNANAGAR,2002,Whole Year,Sugarcane,31.96042,18.667,,43.47583,35.03741667
Himachal Pradesh,HAMIRPUR,1999,Whole Year,Sugarcane,31.03133,18.08266667,,50.53475,30.93775
Himachal Pradesh,HAMIRPUR,2000,Whole Year,Sugarcane,30.5245,17.54158333,,52.19242,33.77866667
Himachal Pradesh,HAMIRPUR,2001,Whole Year,Sugarcane,30.57217,17.6855,,52.93625,32.28158333
Himachal Pradesh,HAMIRPUR,2002,Whole Year,Sugarcane,30.70308,17.57058333,,57.82967,34.81258333
Himachal Pradesh,KANGRA,1999,Whole Year,Sugarcane,30.02192,17.27266667,,55.14567,31.11858333
Himachal Pradesh,KANGRA,2000,Whole Year,Sugarcane,29.59258,16.80175,,51.72258,34.22716667
Himachal Pradesh,KANGRA,2001,Whole Year,Sugarcane,29.61767,16.96808333,,57.13575,32.56108333
Himachal Pradesh,KANGRA,2002,Whole Year,Sugarcane,29.71342,16.77158333,,61.03442,34.91658333
Himachal Pradesh,MANDI,2000,Whole Year,Sugarcane,29.15883,16.7015,,56.46908,35.64091667
Himachal Pradesh,MANDI,2001,Whole Year,Sugarcane,29.22892,16.8575,,55.51808,34.22183333
Himachal Pradesh,MANDI,2002,Whole Year,Sugarcane,29.32425,16.71358333,,63.19217,36.97816667
Himachal Pradesh,SIRMAUR,1999,Whole Year,Sugarcane,32.09233,18.92216667,,43.96958,32.57608333
Himachal Pradesh,SIRMAUR,2000,Whole Year,Sugarcane,31.40367,18.19366667,,58.01267,34.88641667
Himachal Pradesh,SIRMAUR,2001,Whole Year,Sugarcane,31.50108,18.33825,,46.14725,33.89666667
Himachal Pradesh,SIRMAUR,2002,Whole Year,Sugarcane,31.62892,18.31625,,53.48258,36.3975
Himachal Pradesh,SOLAN,1999,Whole Year,Sugarcane,32.34758,19.07041667,,42.2505,30.7585
Himachal Pradesh,SOLAN,2000,Whole Year,Sugarcane,31.75708,18.44516667,,51.99325,33.30891667
Himachal Pradesh,SOLAN,2001,Whole Year,Sugarcane,31.8165,18.56825,,45.39017,32.15283333
Himachal Pradesh,SOLAN,2002,Whole Year,Sugarcane,31.96967,18.53,,50.46475,34.44183333
Himachal Pradesh,UNA,1999,Whole Year,Sugarcane,31.86667,18.61508333,4.35,43.618,29.12991667
Himachal Pradesh,UNA,2000,Whole Year,Sugarcane,31.37517,18.094,6.617222222,47.54042,32.11383333
Himachal Pradesh,UNA,2001,Whole Year,Sugarcane,31.40983,18.21816667,6.617222222,47.62708,30.62933333
Himachal Pradesh,UNA,2002,Whole Year,Sugarcane,31.57475,18.16425,7.67,49.72167,32.69241667
Jammu and Kashmir,JAMMU,1999,Whole Year,Sugarcane,31.29717,17.94766667,6.857536232,50.71967,27.45125
Jammu and Kashmir,JAMMU,2000,Whole Year,Sugarcane,31.03508,17.67933333,6.956944444,46.54817,29.94275
Jammu and Kashmir,JAMMU,2001,Whole Year,Sugarcane,31.01175,17.8245,7.129117647,58.26042,28.83
Jammu and Kashmir,JAMMU,2002,Whole Year,Sugarcane,31.10417,17.56725,7.671071429,50.47517,30.38975
Jammu and Kashmir,KATHUA,1999,Whole Year,Sugarcane,30.51275,17.42,3.547857143,56.37883,28.97733333
Jammu and Kashmir,KATHUA,2000,Whole Year,Sugarcane,30.22725,17.09858333,4.05,48.66225,32.46383333
Jammu and Kashmir,KATHUA,2001,Whole Year,Sugarcane,30.21017,17.24958333,3.8396,59.42375,30.67758333
Jammu and Kashmir,KATHUA,2002,Whole Year,Sugarcane,30.32517,17.03566667,4.241538462,58.17833,32.66366667
Jammu and Kashmir,RAJAURI,1999,Whole Year,Sugarcane,31.36758,17.64658333,1.471666667,48.49525,29.58875
Jammu and Kashmir,RAJAURI,2000,Whole Year,Sugarcane,31.155,17.46258333,0.9709090909,51.93025,31.04458333
Jammu and Kashmir,RAJAURI,2001,Whole Year,Sugarcane,31.08742,17.64341667,1.374615385,65.847,30.40491667
Jammu and Kashmir,RAJAURI,2002,Whole Year,Sugarcane,31.03967,17.15258333,2.067692308,54.9225,32.07758333
Jammu and Kashmir,UDHAMPUR,1999,Whole Year,Sugarcane,30.46158,17.15691667,3.011666667,60.73917,29.29816667
Jammu and Kashmir,UDHAMPUR,2000,Whole Year,Sugarcane,30.23533,16.91591667,4.188333333,49.27075,31.80875
Jammu and Kashmir,UDHAMPUR,2001,Whole Year,Sugarcane,30.17325,17.0635,5.853333333,64.81567,30.54858333
Jammu and Kashmir,UDHAMPUR,2002,Whole Year,Sugarcane,30.26517,16.75608333,3.891666667,59.86683,32.45666667
Nagaland,KOHIMA,1999,Whole Year,Sugarcane,25.84633,16.82008333,2.98,163.7508,52.49158333
Nagaland,KOHIMA,2000,Whole Year,Sugarcane,24.47958,16.03491667,6.24,173.3698,54.33975
Nagaland,KOHIMA,2001,Whole Year,Sugarcane,25.24392,16.6285,2.84,195.3113,53.85666667
Nagaland,KOHIMA,2002,Whole Year,Sugarcane,25.38092,16.168,5.59,201.3636,52.1975
Nagaland,MOKOKCHUNG,2000,Whole Year,Sugarcane,25.18325,16.424,2.3,161.866,54.37525
Nagaland,MOKOKCHUNG,2001,Whole Year,Sugarcane,25.878,16.93625,2.093333333,165.2753,53.52616667
Nagaland,MOKOKCHUNG,2002,Whole Year,Sugarcane,26.00883,16.53133333,2.775,173.6058,51.72108333
Nagaland,MON,2000,Whole Year,Sugarcane,24.40717,15.49191667,1.446666667,160.8093,54.70533333
Nagaland,MON,2001,Whole Year,Sugarcane,25.1175,16.00858333,3.23,161.0973,53.46641667
Nagaland,MON,2002,Whole Year,Sugarcane,25.21433,15.597,2.85,170.5143,52.09608333
Nagaland,WOKHA,1999,Whole Year,Sugarcane,27.36833,18.1535,2.6775,150.4033,52.48375
Nagaland,WOKHA,2000,Whole Year,Sugarcane,26.026,17.38633333,4.326666667,162.6146,54.01566667
Nagaland,WOKHA,2001,Whole Year,Sugarcane,26.71292,17.89841667,2.84,169.6733,53.45391667
Nagaland,WOKHA,2002,Whole Year,Sugarcane,26.86158,17.48691667,2.52,176.9735,51.35241667
Nagaland,ZUNHEBOTO,1999,Whole Year,Sugarcane,24.41883,15.14225,,149.5902,53.33241667
Nagaland,ZUNHEBOTO,2000,Whole Year,Sugarcane,23.10475,14.38183333,,151.7693,54.75508333
Nagaland,ZUNHEBOTO,2001,Whole Year,Sugarcane,23.83325,14.93466667,,167.5072,54.21033333
Nagaland,ZUNHEBOTO,2002,Whole Year,Sugarcane,23.98967,14.53875,,168.2185,51.82708333
Odisha,ANUGUL,2000,Whole Year,Sugarcane,30.3845,19.97225,,95.61758,54.75508333
Odisha,ANUGUL,2001,Whole Year,Sugarcane,30.40092,20.03033333,,114.5235,54.21033333
Odisha,ANUGUL,2002,Whole Year,Sugarcane,30.86167,19.98033333,,101.7714,51.82708333
Odisha,BALANGIR,2000,Whole Year,Sugarcane,31.70367,20.52366667,,93.76108,38.79075
Odisha,BALANGIR,2001,Whole Year,Sugarcane,31.60325,20.49566667,,106.019,42.41225
Odisha,BALANGIR,2002,Whole Year,Sugarcane,32.09375,20.59725,,87.639,38.22641667
Odisha,BALESHWAR,2000,Whole Year,Sugarcane,31.963,22.58033333,,114.4636,44.35225
Odisha,BALESHWAR,2001,Whole Year,Sugarcane,32.15075,22.75058333,,129.8858,46.3195
Odisha,BALESHWAR,2002,Whole Year,Sugarcane,32.518,22.43733333,,132.3786,43.35875
Odisha,BARGARH,2000,Whole Year,Sugarcane,32.00358,20.68908333,,89.24542,38.24283333
Odisha,BARGARH,2001,Whole Year,Sugarcane,31.94383,20.66591667,,100.3678,42.08608333
Odisha,BARGARH,2002,Whole Year,Sugarcane,32.44417,20.78091667,,86.696,38.07816667
Odisha,BHADRAK,2000,Whole Year,Sugarcane,32.00358,23.17958333,,110.9399,43.7215
Odisha,BHADRAK,2001,Whole Year,Sugarcane,31.94383,23.36841667,,127.9738,46.26175
Odisha,BHADRAK,2002,Whole Year,Sugarcane,32.44417,23.06391667,,126.0849,42.41166667
Odisha,BOUDH,2000,Whole Year,Sugarcane,30.59042,20.10483333,,90.62658,40.12983333
Odisha,BOUDH,2001,Whole Year,Sugarcane,30.55692,20.13208333,,107.0437,43.8385
Odisha,BOUDH,2002,Whole Year,Sugarcane,31.03633,20.15575,,92.00042,38.86133333
Odisha,CUTTACK,2000,Whole Year,Sugarcane,31.05417,22.56408333,,94.79408,42.12866667
Odisha,CUTTACK,2001,Whole Year,Sugarcane,31.22083,22.74791667,,117.3213,45.57075
Odisha,CUTTACK,2002,Whole Year,Sugarcane,31.52208,22.51516667,,103.8768,40.24
Odisha,DHENKANAL,2000,Whole Year,Sugarcane,31.352,21.57916667,,98.84358,41.29675
Odisha,DHENKANAL,2001,Whole Year,Sugarcane,31.42917,21.67416667,,120.8275,44.79625
Odisha,DHENKANAL,2002,Whole Year,Sugarcane,31.82375,21.53841667,,107.9351,39.49633333
Odisha,GAJAPATI,2000,Whole Year,Sugarcane,31.0375,22.14891667,,77.33058,41.01566667
Odisha,GAJAPATI,2001,Whole Year,Sugarcane,31.16508,22.31216667,,89.429,44.64525
Odisha,GAJAPATI,2002,Whole Year,Sugarcane,31.41342,22.21525,,71.00567,39.96883333
Odisha,GANJAM,2000,Whole Year,Sugarcane,29.855,21.0375,,82.30317,41.61966667
Odisha,GANJAM,2001,Whole Year,Sugarcane,29.9795,21.20516667,,98.61725,45.32625
Odisha,GANJAM,2002,Whole Year,Sugarcane,30.26333,21.06941667,,81.4045,40.22208333
Odisha,JAGATSINGHAPUR,2000,Whole Year,Sugarcane,30.54725,23.43433333,,98.49108,43.73908333
Odisha,JAGATSINGHAPUR,2001,Whole Year,Sugarcane,30.8045,23.685,,117.616,46.73908333
Odisha,JAGATSINGHAPUR,2002,Whole Year,Sugarcane,31.05917,23.38816667,,108.0891,42.15166667
Odisha,JAJAPUR,2000,Whole Year,Sugarcane,32.04775,22.86841667,,105.1403,42.45066667
Odisha,JAJAPUR,2001,Whole Year,Sugarcane,32.21408,23.03541667,,125.328,45.50316667
Odisha,JAJAPUR,2002,Whole Year,Sugarcane,32.557,22.791,,118.6416,40.985
Odisha,JHARSUGUDA,2000,Whole Year,Sugarcane,32.38483,20.96125,,92.16767,37.97558333
Odisha,JHARSUGUDA,2001,Whole Year,Sugarcane,32.34992,20.93716667,,105.5111,42.13108333
Odisha,JHARSUGUDA,2002,Whole Year,Sugarcane,32.86942,21.04258333,,95.50725,38.23675
Odisha,KALAHANDI,2000,Whole Year,Sugarcane,31.008,19.97116667,,102.7993,39.34041667
Odisha,KALAHANDI,2001,Whole Year,Sugarcane,30.90042,19.95058333,,120.1999,43.05866667
Odisha,KALAHANDI,2002,Whole Year,Sugarcane,31.34267,20.049,,95.04283,39.03766667
Odisha,KENDRAPARA,2000,Whole Year,Sugarcane,31.54758,23.53266667,,111.4563,44.56116667
Odisha,KENDRAPARA,2001,Whole Year,Sugarcane,31.80333,23.76725,,129.3139,47.33633333
Odisha,KENDRAPARA,2002,Whole Year,Sugarcane,32.06833,23.43833333,,125.0053,43.27475
Odisha,KENDUJHAR,2000,Whole Year,Sugarcane,31.94608,21.14266667,,99.14458,41.02225
Odisha,KENDUJHAR,2001,Whole Year,Sugarcane,32.02108,21.21816667,,114.9998,44.20091667
Odisha,KENDUJHAR,2002,Whole Year,Sugarcane,32.46625,21.09725,,109.9894,39.74983333
Odisha,KHORDHA,2000,Whole Year,Sugarcane,30.825,22.68791667,,89.77267,42.21258333
Odisha,KHORDHA,2001,Whole Year,Sugarcane,31.01358,22.90633333,,112.3216,45.85141667
Odisha,KHORDHA,2002,Whole Year,Sugarcane,31.26392,22.64933333,,95.80525,40.23591667
Odisha,KORAPUT,2000,Whole Year,Sugarcane,30.83042,20.39091667,,103.0806,39.73133333
Odisha,KORAPUT,2001,Whole Year,Sugarcane,30.82308,20.46033333,,107.5344,43.55475
Odisha,KORAPUT,2002,Whole Year,Sugarcane,31.11017,20.50291667,,81.89517,39.99791667